EAEKOD_COD,Izena_Nomb,Zentro_mot,Info_gehia,Info_geh_1
014127,CEIP MINA DEL MORRO HLHI,Ikastetxea / Centro escolar,http://desaunix01.hezkuntza.jakina/e23/e23ListadosDifusion/e23EspecialidadesModelos/e23EspecialidadesModelosGIS.jsp?idioma=e&centro=014127,http://desaunix01.hezkuntza.jakina/e23/e23ListadosDifusion/e23EspecialidadesModelos/e23EspecialidadesModelosGIS.jsp?idioma=c&centro=014127
015459,EIC BILBOKO HAURRESKOLA-MINA DEL MORRO PHE,Ikastetxea / Centro escolar,http://desaunix01.hezkuntza.jakina/e23/e23ListadosDifusion/e23EspecialidadesModelos/e23EspecialidadesModelosGIS.jsp?idioma=e&centro=015459,http://desaunix01.hezkuntza.jakina/e23/e23ListadosDifusion/e23EspecialidadesModelos/e23EspecialidadesModelosGIS.jsp?idioma=c&centro=015459
014130,CEIP MAESTRA ISABEL GALLEGO GORRIA HLHI,Ikastetxea / Centro escolar,http://desaunix01.hezkuntza.jakina/e23/e23ListadosDifusion/e23EspecialidadesModelos/e23EspecialidadesModelosGIS.jsp?idioma=e&centro=014130,http://desaunix01.hezkuntza.jakina/e23/e23ListadosDifusion/e23EspecialidadesModelos/e23EspecialidadesModelosGIS.jsp?idioma=c&centro=014130
014612,CPEE ALDAMIZ HBIP,Ikastetxea / Centro escolar,http://desaunix01.hezkuntza.jakina/e23/e23ListadosDifusion/e23EspecialidadesModelos/e23EspecialidadesModelosGIS.jsp?idioma=e&centro=014612,http://desaunix01.hezkuntza.jakina/e23/e23ListadosDifusion/e23EspecialidadesModelos/e23EspecialidadesModelosGIS.jsp?idioma=c&centro=014612
014615,CPES ALMI BHIP,Ikastetxea / Centro escolar,http://desaunix01.hezkuntza.jakina/e23/e23ListadosDifusion/e23EspecialidadesModelos/e23EspecialidadesModelosGIS.jsp?idioma=e&centro=014615,http://desaunix01.hezkuntza.jakina/e23/e23ListadosDifusion/e23EspecialidadesModelos/e23EspecialidadesModelosGIS.jsp?idioma=c&centro=014615
014657,CPEIPS LA INMACULADA-HIJAS DE JESÚS HLBHIP,Ikastetxea / Centro escolar,http://desaunix01.hezkuntza.jakina/e23/e23ListadosDifusion/e23EspecialidadesModelos/e23EspecialidadesModelosGIS.jsp?idioma=e&centro=014657,http://desaunix01.hezkuntza.jakina/e23/e23ListadosDifusion/e23EspecialidadesModelos/e23EspecialidadesModelosGIS.jsp?idioma=c&centro=014657
014620,CPES ARANGOYA BHIP,Ikastetxea / Centro escolar,http://desaunix01.hezkuntza.jakina/e23/e23ListadosDifusion/e23EspecialidadesModelos/e23EspecialidadesModelosGIS.jsp?idioma=e&centro=014620,http://desaunix01.hezkuntza.jakina/e23/e23ListadosDifusion/e23EspecialidadesModelos/e23EspecialidadesModelosGIS.jsp?idioma=c&centro=014620
014111,CEIP CERVANTES HLHI,Ikastetxea / Centro escolar,http://desaunix01.hezkuntza.jakina/e23/e23ListadosDifusion/e23EspecialidadesModelos/e23EspecialidadesModelosGIS.jsp?idioma=e&centro=014111,http://desaunix01.hezkuntza.jakina/e23/e23ListadosDifusion/e23EspecialidadesModelos/e23EspecialidadesModelosGIS.jsp?idioma=c&centro=014111
014924,CEIP SAN INAZIO/SAN IGNACIO HLHI,Ikastetxea / Centro escolar,http://desaunix01.hezkuntza.jakina/e23/e23ListadosDifusion/e23EspecialidadesModelos/e23EspecialidadesModelosGIS.jsp?idioma=e&centro=014924,http://desaunix01.hezkuntza.jakina/e23/e23ListadosDifusion/e23EspecialidadesModelos/e23EspecialidadesModelosGIS.jsp?idioma=c&centro=014924
015652,EIC BILBOKO HAURRESKOLA-CERVANTES PHE,Ikastetxea / Centro escolar,http://desaunix01.hezkuntza.jakina/e23/e23ListadosDifusion/e23EspecialidadesModelos/e23EspecialidadesModelosGIS.jsp?idioma=e&centro=015652,http://desaunix01.hezkuntza.jakina/e23/e23ListadosDifusion/e23EspecialidadesModelos/e23EspecialidadesModelosGIS.jsp?idioma=c&centro=015652
014689,CPEIPS SAGRADO CORAZÓN HLBHIP,Ikastetxea / Centro escolar,http://desaunix01.hezkuntza.jakina/e23/e23ListadosDifusion/e23EspecialidadesModelos/e23EspecialidadesModelosGIS.jsp?idioma=e&centro=014689,http://desaunix01.hezkuntza.jakina/e23/e23ListadosDifusion/e23EspecialidadesModelos/e23EspecialidadesModelosGIS.jsp?idioma=c&centro=014689
015271,CAPM ARTEBI MIBP,Ikastetxea / Centro escolar,http://desaunix01.hezkuntza.jakina/e23/e23ListadosDifusion/e23EspecialidadesModelos/e23EspecialidadesModelosGIS.jsp?idioma=e&centro=015271,http://desaunix01.hezkuntza.jakina/e23/e23ListadosDifusion/e23EspecialidadesModelos/e23EspecialidadesModelosGIS.jsp?idioma=c&centro=015271
015273,EMPR ARTEBI MEPR,Ikastetxea / Centro escolar,http://desaunix01.hezkuntza.jakina/e23/e23ListadosDifusion/e23EspecialidadesModelos/e23EspecialidadesModelosGIS.jsp?idioma=e&centro=015273,http://desaunix01.hezkuntza.jakina/e23/e23ListadosDifusion/e23EspecialidadesModelos/e23EspecialidadesModelosGIS.jsp?idioma=c&centro=015273
015360,CEIP MIRIBILLA HLHI,Ikastetxea / Centro escolar,http://desaunix01.hezkuntza.jakina/e23/e23ListadosDifusion/e23EspecialidadesModelos/e23EspecialidadesModelosGIS.jsp?idioma=e&centro=015360,http://desaunix01.hezkuntza.jakina/e23/e23ListadosDifusion/e23EspecialidadesModelos/e23EspecialidadesModelosGIS.jsp?idioma=c&centro=015360
015641,EIC BILBOKO HAURRESKOLA-MIRIBILLA PHE,Ikastetxea / Centro escolar,http://desaunix01.hezkuntza.jakina/e23/e23ListadosDifusion/e23EspecialidadesModelos/e23EspecialidadesModelosGIS.jsp?idioma=e&centro=015641,http://desaunix01.hezkuntza.jakina/e23/e23ListadosDifusion/e23EspecialidadesModelos/e23EspecialidadesModelosGIS.jsp?idioma=c&centro=015641
015068,BILBOKO IKUSKARITZA MEDIKOA / INSPECCIÓN MÉDICA DE BILBAO,Zentro administratiboa / Centro administrativo,http://desaunix01.hezkuntza.jakina/e23/e23ListadosDifusion/e23EspecialidadesModelos/e23EspecialidadesModelosGIS.jsp?idioma=e&centro=015068,http://desaunix01.hezkuntza.jakina/e23/e23ListadosDifusion/e23EspecialidadesModelos/e23EspecialidadesModelosGIS.jsp?idioma=c&centro=015068
014163,CPM JUAN CRISÓSTOMO DE ARRIAGA MKP,Ikastetxea / Centro escolar,http://desaunix01.hezkuntza.jakina/e23/e23ListadosDifusion/e23EspecialidadesModelos/e23EspecialidadesModelosGIS.jsp?idioma=e&centro=014163,http://desaunix01.hezkuntza.jakina/e23/e23ListadosDifusion/e23EspecialidadesModelos/e23EspecialidadesModelosGIS.jsp?idioma=c&centro=014163
014511,CPEI KARMENGO IKASTOLA HIP,Ikastetxea / Centro escolar,http://desaunix01.hezkuntza.jakina/e23/e23ListadosDifusion/e23EspecialidadesModelos/e23EspecialidadesModelosGIS.jsp?idioma=e&centro=014511,http://desaunix01.hezkuntza.jakina/e23/e23ListadosDifusion/e23EspecialidadesModelos/e23EspecialidadesModelosGIS.jsp?idioma=c&centro=014511
015069,CPES PEÑASCAL BHIP,Ikastetxea / Centro escolar,http://desaunix01.hezkuntza.jakina/e23/e23ListadosDifusion/e23EspecialidadesModelos/e23EspecialidadesModelosGIS.jsp?idioma=e&centro=015069,http://desaunix01.hezkuntza.jakina/e23/e23ListadosDifusion/e23EspecialidadesModelos/e23EspecialidadesModelosGIS.jsp?idioma=c&centro=015069
014114,CEIP DEUSTO HLHI,Ikastetxea / Centro escolar,http://desaunix01.hezkuntza.jakina/e23/e23ListadosDifusion/e23EspecialidadesModelos/e23EspecialidadesModelosGIS.jsp?idioma=e&centro=014114,http://desaunix01.hezkuntza.jakina/e23/e23ListadosDifusion/e23EspecialidadesModelos/e23EspecialidadesModelosGIS.jsp?idioma=c&centro=014114
015374,EIC BILBOKO HAURRESKOLA-DEUSTO PHE,Ikastetxea / Centro escolar,http://desaunix01.hezkuntza.jakina/e23/e23ListadosDifusion/e23EspecialidadesModelos/e23EspecialidadesModelosGIS.jsp?idioma=e&centro=015374,http://desaunix01.hezkuntza.jakina/e23/e23ListadosDifusion/e23EspecialidadesModelos/e23EspecialidadesModelosGIS.jsp?idioma=c&centro=015374
014510,CEIP KARMELO IKASTOLA HLHI,Ikastetxea / Centro escolar,http://desaunix01.hezkuntza.jakina/e23/e23ListadosDifusion/e23EspecialidadesModelos/e23EspecialidadesModelosGIS.jsp?idioma=e&centro=014510,http://desaunix01.hezkuntza.jakina/e23/e23ListadosDifusion/e23EspecialidadesModelos/e23EspecialidadesModelosGIS.jsp?idioma=c&centro=014510
015078,IES ZORROZA BHI,Ikastetxea / Centro escolar,http://desaunix01.hezkuntza.jakina/e23/e23ListadosDifusion/e23EspecialidadesModelos/e23EspecialidadesModelosGIS.jsp?idioma=e&centro=015078,http://desaunix01.hezkuntza.jakina/e23/e23ListadosDifusion/e23EspecialidadesModelos/e23EspecialidadesModelosGIS.jsp?idioma=c&centro=015078
014945,IES (ITS) CONSTRUCCIÓN BIZKAIA (ITB) BHI,Ikastetxea / Centro escolar,http://desaunix01.hezkuntza.jakina/e23/e23ListadosDifusion/e23EspecialidadesModelos/e23EspecialidadesModelosGIS.jsp?idioma=e&centro=014945,http://desaunix01.hezkuntza.jakina/e23/e23ListadosDifusion/e23EspecialidadesModelos/e23EspecialidadesModelosGIS.jsp?idioma=c&centro=014945
014633,CPES CRUZ ROJA BHIP,Ikastetxea / Centro escolar,http://desaunix01.hezkuntza.jakina/e23/e23ListadosDifusion/e23EspecialidadesModelos/e23EspecialidadesModelosGIS.jsp?idioma=e&centro=014633,http://desaunix01.hezkuntza.jakina/e23/e23ListadosDifusion/e23EspecialidadesModelos/e23EspecialidadesModelosGIS.jsp?idioma=c&centro=014633
014721,CAPM SOCIEDAD CORAL DE BILBAO MIBP,Ikastetxea / Centro escolar,http://desaunix01.hezkuntza.jakina/e23/e23ListadosDifusion/e23EspecialidadesModelos/e23EspecialidadesModelosGIS.jsp?idioma=e&centro=014721,http://desaunix01.hezkuntza.jakina/e23/e23ListadosDifusion/e23EspecialidadesModelos/e23EspecialidadesModelosGIS.jsp?idioma=c&centro=014721
015537,EMPR SOCIEDAD CORAL DE BILBAO MEPR,Ikastetxea / Centro escolar,http://desaunix01.hezkuntza.jakina/e23/e23ListadosDifusion/e23EspecialidadesModelos/e23EspecialidadesModelosGIS.jsp?idioma=e&centro=015537,http://desaunix01.hezkuntza.jakina/e23/e23ListadosDifusion/e23EspecialidadesModelos/e23EspecialidadesModelosGIS.jsp?idioma=c&centro=015537
015325,CPES ESCUELA SUPERIOR DE HOSTELERÍA ARTXANDA BHIP,Ikastetxea / Centro escolar,http://desaunix01.hezkuntza.jakina/e23/e23ListadosDifusion/e23EspecialidadesModelos/e23EspecialidadesModelosGIS.jsp?idioma=e&centro=015325,http://desaunix01.hezkuntza.jakina/e23/e23ListadosDifusion/e23EspecialidadesModelos/e23EspecialidadesModelosGIS.jsp?idioma=c&centro=015325
015006,CEIP ALONSOTEGI HLHI,Ikastetxea / Centro escolar,http://desaunix01.hezkuntza.jakina/e23/e23ListadosDifusion/e23EspecialidadesModelos/e23EspecialidadesModelosGIS.jsp?idioma=e&centro=015006,http://desaunix01.hezkuntza.jakina/e23/e23ListadosDifusion/e23EspecialidadesModelos/e23EspecialidadesModelosGIS.jsp?idioma=c&centro=015006
015274,CAPM MUSIKASI MIBP,Ikastetxea / Centro escolar,http://desaunix01.hezkuntza.jakina/e23/e23ListadosDifusion/e23EspecialidadesModelos/e23EspecialidadesModelosGIS.jsp?idioma=e&centro=015274,http://desaunix01.hezkuntza.jakina/e23/e23ListadosDifusion/e23EspecialidadesModelos/e23EspecialidadesModelosGIS.jsp?idioma=c&centro=015274
015275,EMPR MUSIKASI MEPR,Ikastetxea / Centro escolar,http://desaunix01.hezkuntza.jakina/e23/e23ListadosDifusion/e23EspecialidadesModelos/e23EspecialidadesModelosGIS.jsp?idioma=e&centro=015275,http://desaunix01.hezkuntza.jakina/e23/e23ListadosDifusion/e23EspecialidadesModelos/e23EspecialidadesModelosGIS.jsp?idioma=c&centro=015275
014150,CEIP TOMÁS CAMACHO HLHI,Ikastetxea / Centro escolar,http://desaunix01.hezkuntza.jakina/e23/e23ListadosDifusion/e23EspecialidadesModelos/e23EspecialidadesModelosGIS.jsp?idioma=e&centro=014150,http://desaunix01.hezkuntza.jakina/e23/e23ListadosDifusion/e23EspecialidadesModelos/e23EspecialidadesModelosGIS.jsp?idioma=c&centro=014150
014161,CEIP ZURBARANBARRI HLHI,Ikastetxea / Centro escolar,http://desaunix01.hezkuntza.jakina/e23/e23ListadosDifusion/e23EspecialidadesModelos/e23EspecialidadesModelosGIS.jsp?idioma=e&centro=014161,http://desaunix01.hezkuntza.jakina/e23/e23ListadosDifusion/e23EspecialidadesModelos/e23EspecialidadesModelosGIS.jsp?idioma=c&centro=014161
015112,IEFPS ELORRIETA-ERREKA MARI GLHBI,Ikastetxea / Centro escolar,http://desaunix01.hezkuntza.jakina/e23/e23ListadosDifusion/e23EspecialidadesModelos/e23EspecialidadesModelosGIS.jsp?idioma=e&centro=015112,http://desaunix01.hezkuntza.jakina/e23/e23ListadosDifusion/e23EspecialidadesModelos/e23EspecialidadesModelosGIS.jsp?idioma=c&centro=015112
015205,KOALIFIKAZIO ETA LANBIDE HEZIKETARAKO EUSKAL INST. / INST. VASCO PARA LAS CUALIFICACIONES Y FORM. PROF.,Laguntzeko zentroa / Centro de apoyo,http://desaunix01.hezkuntza.jakina/e23/e23ListadosDifusion/e23EspecialidadesModelos/e23EspecialidadesModelosGIS.jsp?idioma=e&centro=015205,http://desaunix01.hezkuntza.jakina/e23/e23ListadosDifusion/e23EspecialidadesModelos/e23EspecialidadesModelosGIS.jsp?idioma=c&centro=015205
014153,CEIP URIBARRI HLHI,Ikastetxea / Centro escolar,http://desaunix01.hezkuntza.jakina/e23/e23ListadosDifusion/e23EspecialidadesModelos/e23EspecialidadesModelosGIS.jsp?idioma=e&centro=014153,http://desaunix01.hezkuntza.jakina/e23/e23ListadosDifusion/e23EspecialidadesModelos/e23EspecialidadesModelosGIS.jsp?idioma=c&centro=014153
015503,EIPR BBK TORRE URIZAR HEPR,Ikastetxea / Centro escolar,http://desaunix01.hezkuntza.jakina/e23/e23ListadosDifusion/e23EspecialidadesModelos/e23EspecialidadesModelosGIS.jsp?idioma=e&centro=015503,http://desaunix01.hezkuntza.jakina/e23/e23ListadosDifusion/e23EspecialidadesModelos/e23EspecialidadesModelosGIS.jsp?idioma=c&centro=015503
014634,CPES ES. DE QUIMICA Y ELECTRÓNICA BHIP,Ikastetxea / Centro escolar,http://desaunix01.hezkuntza.jakina/e23/e23ListadosDifusion/e23EspecialidadesModelos/e23EspecialidadesModelosGIS.jsp?idioma=e&centro=014634,http://desaunix01.hezkuntza.jakina/e23/e23ListadosDifusion/e23EspecialidadesModelos/e23EspecialidadesModelosGIS.jsp?idioma=c&centro=014634
014676,CPEPS NTRA. SRA. DE BEGOÑA LBHIP,Ikastetxea / Centro escolar,http://desaunix01.hezkuntza.jakina/e23/e23ListadosDifusion/e23EspecialidadesModelos/e23EspecialidadesModelosGIS.jsp?idioma=e&centro=014676,http://desaunix01.hezkuntza.jakina/e23/e23ListadosDifusion/e23EspecialidadesModelos/e23EspecialidadesModelosGIS.jsp?idioma=c&centro=014676
015219,EMPR ADAGIO ESKOLA MEPR,Ikastetxea / Centro escolar,http://desaunix01.hezkuntza.jakina/e23/e23ListadosDifusion/e23EspecialidadesModelos/e23EspecialidadesModelosGIS.jsp?idioma=e&centro=015219,http://desaunix01.hezkuntza.jakina/e23/e23ListadosDifusion/e23EspecialidadesModelos/e23EspecialidadesModelosGIS.jsp?idioma=c&centro=015219
015721,EIPR KINDER BABY HEPR,Ikastetxea / Centro escolar,http://desaunix01.hezkuntza.jakina/e23/e23ListadosDifusion/e23EspecialidadesModelos/e23EspecialidadesModelosGIS.jsp?idioma=e&centro=015721,http://desaunix01.hezkuntza.jakina/e23/e23ListadosDifusion/e23EspecialidadesModelos/e23EspecialidadesModelosGIS.jsp?idioma=c&centro=015721
014212,DOLARETXEKO IRALE IRAKASTEGIA,Laguntzeko zentroa / Centro de apoyo,http://desaunix01.hezkuntza.jakina/e23/e23ListadosDifusion/e23EspecialidadesModelos/e23EspecialidadesModelosGIS.jsp?idioma=e&centro=014212,http://desaunix01.hezkuntza.jakina/e23/e23ListadosDifusion/e23EspecialidadesModelos/e23EspecialidadesModelosGIS.jsp?idioma=c&centro=014212
014129,CEIP ARANGOITI HLHI,Ikastetxea / Centro escolar,http://desaunix01.hezkuntza.jakina/e23/e23ListadosDifusion/e23EspecialidadesModelos/e23EspecialidadesModelosGIS.jsp?idioma=e&centro=014129,http://desaunix01.hezkuntza.jakina/e23/e23ListadosDifusion/e23EspecialidadesModelos/e23EspecialidadesModelosGIS.jsp?idioma=c&centro=014129
015593,EIC BILBOKO HAURRESKOLA-ARANGOITI PHE,Ikastetxea / Centro escolar,http://desaunix01.hezkuntza.jakina/e23/e23ListadosDifusion/e23EspecialidadesModelos/e23EspecialidadesModelosGIS.jsp?idioma=e&centro=015593,http://desaunix01.hezkuntza.jakina/e23/e23ListadosDifusion/e23EspecialidadesModelos/e23EspecialidadesModelosGIS.jsp?idioma=c&centro=015593
014140,CEIP PAGASARRIBIDE HLHI,Ikastetxea / Centro escolar,http://desaunix01.hezkuntza.jakina/e23/e23ListadosDifusion/e23EspecialidadesModelos/e23EspecialidadesModelosGIS.jsp?idioma=e&centro=014140,http://desaunix01.hezkuntza.jakina/e23/e23ListadosDifusion/e23EspecialidadesModelos/e23EspecialidadesModelosGIS.jsp?idioma=c&centro=014140
015713,EIPR DOLARETXE HEPR,Ikastetxea / Centro escolar,http://desaunix01.hezkuntza.jakina/e23/e23ListadosDifusion/e23EspecialidadesModelos/e23EspecialidadesModelosGIS.jsp?idioma=e&centro=015713,http://desaunix01.hezkuntza.jakina/e23/e23ListadosDifusion/e23EspecialidadesModelos/e23EspecialidadesModelosGIS.jsp?idioma=c&centro=015713
014200,IES ESKURTZE BHI,Ikastetxea / Centro escolar,http://desaunix01.hezkuntza.jakina/e23/e23ListadosDifusion/e23EspecialidadesModelos/e23EspecialidadesModelosGIS.jsp?idioma=e&centro=014200,http://desaunix01.hezkuntza.jakina/e23/e23ListadosDifusion/e23EspecialidadesModelos/e23EspecialidadesModelosGIS.jsp?idioma=c&centro=014200
014137,CEIP PÍO BAROJA HLHI,Ikastetxea / Centro escolar,http://desaunix01.hezkuntza.jakina/e23/e23ListadosDifusion/e23EspecialidadesModelos/e23EspecialidadesModelosGIS.jsp?idioma=e&centro=014137,http://desaunix01.hezkuntza.jakina/e23/e23ListadosDifusion/e23EspecialidadesModelos/e23EspecialidadesModelosGIS.jsp?idioma=c&centro=014137
014190,IES TXURDINAGA BEHEKOA BHI,Ikastetxea / Centro escolar,http://desaunix01.hezkuntza.jakina/e23/e23ListadosDifusion/e23EspecialidadesModelos/e23EspecialidadesModelosGIS.jsp?idioma=e&centro=014190,http://desaunix01.hezkuntza.jakina/e23/e23ListadosDifusion/e23EspecialidadesModelos/e23EspecialidadesModelosGIS.jsp?idioma=c&centro=014190
014512,CPEIPS KIRIKIÑO IKASTOLA HLBHIP,Ikastetxea / Centro escolar,http://desaunix01.hezkuntza.jakina/e23/e23ListadosDifusion/e23EspecialidadesModelos/e23EspecialidadesModelosGIS.jsp?idioma=e&centro=014512,http://desaunix01.hezkuntza.jakina/e23/e23ListadosDifusion/e23EspecialidadesModelos/e23EspecialidadesModelosGIS.jsp?idioma=c&centro=014512
015747,EIPR TXURDINAGA HEPR,Ikastetxea / Centro escolar,http://desaunix01.hezkuntza.jakina/e23/e23ListadosDifusion/e23EspecialidadesModelos/e23EspecialidadesModelosGIS.jsp?idioma=e&centro=015747,http://desaunix01.hezkuntza.jakina/e23/e23ListadosDifusion/e23EspecialidadesModelos/e23EspecialidadesModelosGIS.jsp?idioma=c&centro=015747
014979,CAEM LICEO MUSICAL VIZCAINO OMIB,Ikastetxea / Centro escolar,http://desaunix01.hezkuntza.jakina/e23/e23ListadosDifusion/e23EspecialidadesModelos/e23EspecialidadesModelosGIS.jsp?idioma=e&centro=014979,http://desaunix01.hezkuntza.jakina/e23/e23ListadosDifusion/e23EspecialidadesModelos/e23EspecialidadesModelosGIS.jsp?idioma=c&centro=014979
014124,CEIP JUAN M. SÁNCHEZ MARCOS HLHI,Ikastetxea / Centro escolar,http://desaunix01.hezkuntza.jakina/e23/e23ListadosDifusion/e23EspecialidadesModelos/e23EspecialidadesModelosGIS.jsp?idioma=e&centro=014124,http://desaunix01.hezkuntza.jakina/e23/e23ListadosDifusion/e23EspecialidadesModelos/e23EspecialidadesModelosGIS.jsp?idioma=c&centro=014124
019364,EUSKADIKO ESKOLA KONTSEILUA / CONSEJO ESCOLAR DE EUSKADI,Zentro administratiboa / Centro administrativo,http://desaunix01.hezkuntza.jakina/e23/e23ListadosDifusion/e23EspecialidadesModelos/e23EspecialidadesModelosGIS.jsp?idioma=e&centro=019364,http://desaunix01.hezkuntza.jakina/e23/e23ListadosDifusion/e23EspecialidadesModelos/e23EspecialidadesModelosGIS.jsp?idioma=c&centro=019364
014630,CPEIPS CALASANCIO HLBHIP,Ikastetxea / Centro escolar,http://desaunix01.hezkuntza.jakina/e23/e23ListadosDifusion/e23EspecialidadesModelos/e23EspecialidadesModelosGIS.jsp?idioma=e&centro=014630,http://desaunix01.hezkuntza.jakina/e23/e23ListadosDifusion/e23EspecialidadesModelos/e23EspecialidadesModelosGIS.jsp?idioma=c&centro=014630
014119,CEIP GABRIEL ARESTI HLHI,Ikastetxea / Centro escolar,http://desaunix01.hezkuntza.jakina/e23/e23ListadosDifusion/e23EspecialidadesModelos/e23EspecialidadesModelosGIS.jsp?idioma=e&centro=014119,http://desaunix01.hezkuntza.jakina/e23/e23ListadosDifusion/e23EspecialidadesModelos/e23EspecialidadesModelosGIS.jsp?idioma=c&centro=014119
014186,IES BOTIKAZAR BHI,Ikastetxea / Centro escolar,http://desaunix01.hezkuntza.jakina/e23/e23ListadosDifusion/e23EspecialidadesModelos/e23EspecialidadesModelosGIS.jsp?idioma=e&centro=014186,http://desaunix01.hezkuntza.jakina/e23/e23ListadosDifusion/e23EspecialidadesModelos/e23EspecialidadesModelosGIS.jsp?idioma=c&centro=014186
014663,CPEIPS MADRE DE DIOS HLBHIP,Ikastetxea / Centro escolar,http://desaunix01.hezkuntza.jakina/e23/e23ListadosDifusion/e23EspecialidadesModelos/e23EspecialidadesModelosGIS.jsp?idioma=e&centro=014663,http://desaunix01.hezkuntza.jakina/e23/e23ListadosDifusion/e23EspecialidadesModelos/e23EspecialidadesModelosGIS.jsp?idioma=c&centro=014663
014665,CPES MARÍA INMACULADA BHIP,Ikastetxea / Centro escolar,http://desaunix01.hezkuntza.jakina/e23/e23ListadosDifusion/e23EspecialidadesModelos/e23EspecialidadesModelosGIS.jsp?idioma=e&centro=014665,http://desaunix01.hezkuntza.jakina/e23/e23ListadosDifusion/e23EspecialidadesModelos/e23EspecialidadesModelosGIS.jsp?idioma=c&centro=014665
015055,CEIP SIETE CAMPAS-ZORROZGOITI HLHI,Ikastetxea / Centro escolar,http://desaunix01.hezkuntza.jakina/e23/e23ListadosDifusion/e23EspecialidadesModelos/e23EspecialidadesModelosGIS.jsp?idioma=e&centro=015055,http://desaunix01.hezkuntza.jakina/e23/e23ListadosDifusion/e23EspecialidadesModelos/e23EspecialidadesModelosGIS.jsp?idioma=c&centro=015055
015003,CAAPD INUTEC APDIB,Ikastetxea / Centro escolar,http://desaunix01.hezkuntza.jakina/e23/e23ListadosDifusion/e23EspecialidadesModelos/e23EspecialidadesModelosGIS.jsp?idioma=e&centro=015003,http://desaunix01.hezkuntza.jakina/e23/e23ListadosDifusion/e23EspecialidadesModelos/e23EspecialidadesModelosGIS.jsp?idioma=c&centro=015003
014507,CPEIPS BEGOÑAZPI IKASTOLA HLBHIP,Ikastetxea / Centro escolar,http://desaunix01.hezkuntza.jakina/e23/e23ListadosDifusion/e23EspecialidadesModelos/e23EspecialidadesModelosGIS.jsp?idioma=e&centro=014507,http://desaunix01.hezkuntza.jakina/e23/e23ListadosDifusion/e23EspecialidadesModelos/e23EspecialidadesModelosGIS.jsp?idioma=c&centro=014507
014613,CPEIPS ALEMÁN SAN BONIFACIO HLBHIP,Ikastetxea / Centro escolar,http://desaunix01.hezkuntza.jakina/e23/e23ListadosDifusion/e23EspecialidadesModelos/e23EspecialidadesModelosGIS.jsp?idioma=e&centro=014613,http://desaunix01.hezkuntza.jakina/e23/e23ListadosDifusion/e23EspecialidadesModelos/e23EspecialidadesModelosGIS.jsp?idioma=c&centro=014613
015505,EIPR BBK REKALDEBERRI HEPR,Ikastetxea / Centro escolar,http://desaunix01.hezkuntza.jakina/e23/e23ListadosDifusion/e23EspecialidadesModelos/e23EspecialidadesModelosGIS.jsp?idioma=e&centro=015505,http://desaunix01.hezkuntza.jakina/e23/e23ListadosDifusion/e23EspecialidadesModelos/e23EspecialidadesModelosGIS.jsp?idioma=c&centro=015505
014624,CPEPA ATENEA HHIP,Ikastetxea / Centro escolar,http://desaunix01.hezkuntza.jakina/e23/e23ListadosDifusion/e23EspecialidadesModelos/e23EspecialidadesModelosGIS.jsp?idioma=e&centro=014624,http://desaunix01.hezkuntza.jakina/e23/e23ListadosDifusion/e23EspecialidadesModelos/e23EspecialidadesModelosGIS.jsp?idioma=c&centro=014624
014123,CEIP ING. JOSE ORBEGOZO GOROSTIDI HLHI,Ikastetxea / Centro escolar,http://desaunix01.hezkuntza.jakina/e23/e23ListadosDifusion/e23EspecialidadesModelos/e23EspecialidadesModelosGIS.jsp?idioma=e&centro=014123,http://desaunix01.hezkuntza.jakina/e23/e23ListadosDifusion/e23EspecialidadesModelos/e23EspecialidadesModelosGIS.jsp?idioma=c&centro=014123
014980,CAEM LOROÑO OMIB,Ikastetxea / Centro escolar,http://desaunix01.hezkuntza.jakina/e23/e23ListadosDifusion/e23EspecialidadesModelos/e23EspecialidadesModelosGIS.jsp?idioma=e&centro=014980,http://desaunix01.hezkuntza.jakina/e23/e23ListadosDifusion/e23EspecialidadesModelos/e23EspecialidadesModelosGIS.jsp?idioma=c&centro=014980
015504,EIPR BBK SANTUTXU HEPR,Ikastetxea / Centro escolar,http://desaunix01.hezkuntza.jakina/e23/e23ListadosDifusion/e23EspecialidadesModelos/e23EspecialidadesModelosGIS.jsp?idioma=e&centro=015504,http://desaunix01.hezkuntza.jakina/e23/e23ListadosDifusion/e23EspecialidadesModelos/e23EspecialidadesModelosGIS.jsp?idioma=c&centro=015504
014159,CEIP ZORROTZA-FRAY JUAN DE ZORROZA HLHI,Ikastetxea / Centro escolar,http://desaunix01.hezkuntza.jakina/e23/e23ListadosDifusion/e23EspecialidadesModelos/e23EspecialidadesModelosGIS.jsp?idioma=e&centro=014159,http://desaunix01.hezkuntza.jakina/e23/e23ListadosDifusion/e23EspecialidadesModelos/e23EspecialidadesModelosGIS.jsp?idioma=c&centro=014159
014678,CPEIPS NTRA. SRA. DEL PILAR HLBHIP,Ikastetxea / Centro escolar,http://desaunix01.hezkuntza.jakina/e23/e23ListadosDifusion/e23EspecialidadesModelos/e23EspecialidadesModelosGIS.jsp?idioma=e&centro=014678,http://desaunix01.hezkuntza.jakina/e23/e23ListadosDifusion/e23EspecialidadesModelos/e23EspecialidadesModelosGIS.jsp?idioma=c&centro=014678
015099,CEIP MUGICA-SOLOKOETXE HLHI,Ikastetxea / Centro escolar,http://desaunix01.hezkuntza.jakina/e23/e23ListadosDifusion/e23EspecialidadesModelos/e23EspecialidadesModelosGIS.jsp?idioma=e&centro=015099,http://desaunix01.hezkuntza.jakina/e23/e23ListadosDifusion/e23EspecialidadesModelos/e23EspecialidadesModelosGIS.jsp?idioma=c&centro=015099
015050,EMPR BEDMAR MEPR,Ikastetxea / Centro escolar,http://desaunix01.hezkuntza.jakina/e23/e23ListadosDifusion/e23EspecialidadesModelos/e23EspecialidadesModelosGIS.jsp?idioma=e&centro=015050,http://desaunix01.hezkuntza.jakina/e23/e23ListadosDifusion/e23EspecialidadesModelos/e23EspecialidadesModelosGIS.jsp?idioma=c&centro=015050
014621,CPES ARCE BHIP,Ikastetxea / Centro escolar,http://desaunix01.hezkuntza.jakina/e23/e23ListadosDifusion/e23EspecialidadesModelos/e23EspecialidadesModelosGIS.jsp?idioma=e&centro=014621,http://desaunix01.hezkuntza.jakina/e23/e23ListadosDifusion/e23EspecialidadesModelos/e23EspecialidadesModelosGIS.jsp?idioma=c&centro=014621
014905,CAPM BEDMAR MIBP,Ikastetxea / Centro escolar,http://desaunix01.hezkuntza.jakina/e23/e23ListadosDifusion/e23EspecialidadesModelos/e23EspecialidadesModelosGIS.jsp?idioma=e&centro=014905,http://desaunix01.hezkuntza.jakina/e23/e23ListadosDifusion/e23EspecialidadesModelos/e23EspecialidadesModelosGIS.jsp?idioma=c&centro=014905
014182,EOI BILBAO HEO,Ikastetxea / Centro escolar,http://desaunix01.hezkuntza.jakina/e23/e23ListadosDifusion/e23EspecialidadesModelos/e23EspecialidadesModelosGIS.jsp?idioma=e&centro=014182,http://desaunix01.hezkuntza.jakina/e23/e23ListadosDifusion/e23EspecialidadesModelos/e23EspecialidadesModelosGIS.jsp?idioma=c&centro=014182
015539,EIC BILBOKO HAURRESKOLA-SAN INAZIO PHE,Ikastetxea / Centro escolar,http://desaunix01.hezkuntza.jakina/e23/e23ListadosDifusion/e23EspecialidadesModelos/e23EspecialidadesModelosGIS.jsp?idioma=e&centro=015539,http://desaunix01.hezkuntza.jakina/e23/e23ListadosDifusion/e23EspecialidadesModelos/e23EspecialidadesModelosGIS.jsp?idioma=c&centro=015539
014505,CPEIPS ARTXANDAPE IKASTOLA HLBHIP,Ikastetxea / Centro escolar,http://desaunix01.hezkuntza.jakina/e23/e23ListadosDifusion/e23EspecialidadesModelos/e23EspecialidadesModelosGIS.jsp?idioma=e&centro=014505,http://desaunix01.hezkuntza.jakina/e23/e23ListadosDifusion/e23EspecialidadesModelos/e23EspecialidadesModelosGIS.jsp?idioma=c&centro=014505
015728,EIC BILBOKO HAURRESKOLA-ZORROZGOITI PHE,Ikastetxea / Centro escolar,http://desaunix01.hezkuntza.jakina/e23/e23ListadosDifusion/e23EspecialidadesModelos/e23EspecialidadesModelosGIS.jsp?idioma=e&centro=015728,http://desaunix01.hezkuntza.jakina/e23/e23ListadosDifusion/e23EspecialidadesModelos/e23EspecialidadesModelosGIS.jsp?idioma=c&centro=015728
015188,IES IBARREKOLANDA BHI,Ikastetxea / Centro escolar,http://desaunix01.hezkuntza.jakina/e23/e23ListadosDifusion/e23EspecialidadesModelos/e23EspecialidadesModelosGIS.jsp?idioma=e&centro=015188,http://desaunix01.hezkuntza.jakina/e23/e23ListadosDifusion/e23EspecialidadesModelos/e23EspecialidadesModelosGIS.jsp?idioma=c&centro=015188
014205,IES EMILIO CAMPUZANO BHI,Ikastetxea / Centro escolar,http://desaunix01.hezkuntza.jakina/e23/e23ListadosDifusion/e23EspecialidadesModelos/e23EspecialidadesModelosGIS.jsp?idioma=e&centro=014205,http://desaunix01.hezkuntza.jakina/e23/e23ListadosDifusion/e23EspecialidadesModelos/e23EspecialidadesModelosGIS.jsp?idioma=c&centro=014205
014698,CPEIPS SAN PEDRO APOSTOL HLBHIP,Ikastetxea / Centro escolar,http://desaunix01.hezkuntza.jakina/e23/e23ListadosDifusion/e23EspecialidadesModelos/e23EspecialidadesModelosGIS.jsp?idioma=e&centro=014698,http://desaunix01.hezkuntza.jakina/e23/e23ListadosDifusion/e23EspecialidadesModelos/e23EspecialidadesModelosGIS.jsp?idioma=c&centro=014698
014988,EMPU JESÚS ARAMBARRI MEPU,Ikastetxea / Centro escolar,http://desaunix01.hezkuntza.jakina/e23/e23ListadosDifusion/e23EspecialidadesModelos/e23EspecialidadesModelosGIS.jsp?idioma=e&centro=014988,http://desaunix01.hezkuntza.jakina/e23/e23ListadosDifusion/e23EspecialidadesModelos/e23EspecialidadesModelosGIS.jsp?idioma=c&centro=014988
014622,CPES ARMENGOL BHIP,Ikastetxea / Centro escolar,http://desaunix01.hezkuntza.jakina/e23/e23ListadosDifusion/e23EspecialidadesModelos/e23EspecialidadesModelosGIS.jsp?idioma=e&centro=014622,http://desaunix01.hezkuntza.jakina/e23/e23ListadosDifusion/e23EspecialidadesModelos/e23EspecialidadesModelosGIS.jsp?idioma=c&centro=014622
014151,CEIP TXURDINAGA HLHI,Ikastetxea / Centro escolar,http://desaunix01.hezkuntza.jakina/e23/e23ListadosDifusion/e23EspecialidadesModelos/e23EspecialidadesModelosGIS.jsp?idioma=e&centro=014151,http://desaunix01.hezkuntza.jakina/e23/e23ListadosDifusion/e23EspecialidadesModelos/e23EspecialidadesModelosGIS.jsp?idioma=c&centro=014151
014653,CPEI IPARRAGIRRE ESKOLAURRE HIP,Ikastetxea / Centro escolar,http://desaunix01.hezkuntza.jakina/e23/e23ListadosDifusion/e23EspecialidadesModelos/e23EspecialidadesModelosGIS.jsp?idioma=e&centro=014653,http://desaunix01.hezkuntza.jakina/e23/e23ListadosDifusion/e23EspecialidadesModelos/e23EspecialidadesModelosGIS.jsp?idioma=c&centro=014653
014680,CPES OTXARKOAGA BHIP,Ikastetxea / Centro escolar,http://desaunix01.hezkuntza.jakina/e23/e23ListadosDifusion/e23EspecialidadesModelos/e23EspecialidadesModelosGIS.jsp?idioma=e&centro=014680,http://desaunix01.hezkuntza.jakina/e23/e23ListadosDifusion/e23EspecialidadesModelos/e23EspecialidadesModelosGIS.jsp?idioma=c&centro=014680
014677,CPEIPS NTRA. SRA. DEL CARMEN HLBHIP,Ikastetxea / Centro escolar,http://desaunix01.hezkuntza.jakina/e23/e23ListadosDifusion/e23EspecialidadesModelos/e23EspecialidadesModelosGIS.jsp?idioma=e&centro=014677,http://desaunix01.hezkuntza.jakina/e23/e23ListadosDifusion/e23EspecialidadesModelos/e23EspecialidadesModelosGIS.jsp?idioma=c&centro=014677
015218,CPES JURITECNIA BHIP,Ikastetxea / Centro escolar,http://desaunix01.hezkuntza.jakina/e23/e23ListadosDifusion/e23EspecialidadesModelos/e23EspecialidadesModelosGIS.jsp?idioma=e&centro=015218,http://desaunix01.hezkuntza.jakina/e23/e23ListadosDifusion/e23EspecialidadesModelos/e23EspecialidadesModelosGIS.jsp?idioma=c&centro=015218
015110,IES TXURDINAGA-ARTABE BHI,Ikastetxea / Centro escolar,http://desaunix01.hezkuntza.jakina/e23/e23ListadosDifusion/e23EspecialidadesModelos/e23EspecialidadesModelosGIS.jsp?idioma=e&centro=015110,http://desaunix01.hezkuntza.jakina/e23/e23ListadosDifusion/e23EspecialidadesModelos/e23EspecialidadesModelosGIS.jsp?idioma=c&centro=015110
015048,ARTATZU GOIKO IRALE IRAKASTEGIA,Laguntzeko zentroa / Centro de apoyo,http://desaunix01.hezkuntza.jakina/e23/e23ListadosDifusion/e23EspecialidadesModelos/e23EspecialidadesModelosGIS.jsp?idioma=e&centro=015048,http://desaunix01.hezkuntza.jakina/e23/e23ListadosDifusion/e23EspecialidadesModelos/e23EspecialidadesModelosGIS.jsp?idioma=c&centro=015048
015258,ISEI-IVEI,Laguntzeko zentroa / Centro de apoyo,http://desaunix01.hezkuntza.jakina/e23/e23ListadosDifusion/e23EspecialidadesModelos/e23EspecialidadesModelosGIS.jsp?idioma=e&centro=015258,http://desaunix01.hezkuntza.jakina/e23/e23ListadosDifusion/e23EspecialidadesModelos/e23EspecialidadesModelosGIS.jsp?idioma=c&centro=015258
014692,CPEI SAN JOSE-URDANETA HIP,Ikastetxea / Centro escolar,http://desaunix01.hezkuntza.jakina/e23/e23ListadosDifusion/e23EspecialidadesModelos/e23EspecialidadesModelosGIS.jsp?idioma=e&centro=014692,http://desaunix01.hezkuntza.jakina/e23/e23ListadosDifusion/e23EspecialidadesModelos/e23EspecialidadesModelosGIS.jsp?idioma=c&centro=014692
015004,CEPA BILBAO HHI,Ikastetxea / Centro escolar,http://desaunix01.hezkuntza.jakina/e23/e23ListadosDifusion/e23EspecialidadesModelos/e23EspecialidadesModelosGIS.jsp?idioma=e&centro=015004,http://desaunix01.hezkuntza.jakina/e23/e23ListadosDifusion/e23EspecialidadesModelos/e23EspecialidadesModelosGIS.jsp?idioma=c&centro=015004
014126,CEIP LUIS BRIÑAS-SANTUTXU HLHI,Ikastetxea / Centro escolar,http://desaunix01.hezkuntza.jakina/e23/e23ListadosDifusion/e23EspecialidadesModelos/e23EspecialidadesModelosGIS.jsp?idioma=e&centro=014126,http://desaunix01.hezkuntza.jakina/e23/e23ListadosDifusion/e23EspecialidadesModelos/e23EspecialidadesModelosGIS.jsp?idioma=c&centro=014126
014635,CPES OSCUS-DOLORES SOPE�A BHIP,Ikastetxea / Centro escolar,http://desaunix01.hezkuntza.jakina/e23/e23ListadosDifusion/e23EspecialidadesModelos/e23EspecialidadesModelosGIS.jsp?idioma=e&centro=014635,http://desaunix01.hezkuntza.jakina/e23/e23ListadosDifusion/e23EspecialidadesModelos/e23EspecialidadesModelosGIS.jsp?idioma=c&centro=014635
015075,IES LUIS BRIÑAS-SANTUTXU BHI,Ikastetxea / Centro escolar,http://desaunix01.hezkuntza.jakina/e23/e23ListadosDifusion/e23EspecialidadesModelos/e23EspecialidadesModelosGIS.jsp?idioma=e&centro=015075,http://desaunix01.hezkuntza.jakina/e23/e23ListadosDifusion/e23EspecialidadesModelos/e23EspecialidadesModelosGIS.jsp?idioma=c&centro=015075
014948,INGURUGELA-CEIDA BILBAO,Laguntzeko zentroa / Centro de apoyo,http://desaunix01.hezkuntza.jakina/e23/e23ListadosDifusion/e23EspecialidadesModelos/e23EspecialidadesModelosGIS.jsp?idioma=e&centro=014948,http://desaunix01.hezkuntza.jakina/e23/e23ListadosDifusion/e23EspecialidadesModelos/e23EspecialidadesModelosGIS.jsp?idioma=c&centro=014948
014639,CPEIPS EL SALVADOR HLBHIP,Ikastetxea / Centro escolar,http://desaunix01.hezkuntza.jakina/e23/e23ListadosDifusion/e23EspecialidadesModelos/e23EspecialidadesModelosGIS.jsp?idioma=e&centro=014639,http://desaunix01.hezkuntza.jakina/e23/e23ListadosDifusion/e23EspecialidadesModelos/e23EspecialidadesModelosGIS.jsp?idioma=c&centro=014639
014167,BIZKAIKO HEZKUNTZA ORDEZKARITZA / DELEGACIÓN DE EDUCACIÓN DE BIZKAIA,Zentro administratiboa / Centro administrativo,http://desaunix01.hezkuntza.jakina/e23/e23ListadosDifusion/e23EspecialidadesModelos/e23EspecialidadesModelosGIS.jsp?idioma=e&centro=014167,http://desaunix01.hezkuntza.jakina/e23/e23ListadosDifusion/e23EspecialidadesModelos/e23EspecialidadesModelosGIS.jsp?idioma=c&centro=014167
015255,B02 BERRITZEGUNEA,Laguntzeko zentroa / Centro de apoyo,http://desaunix01.hezkuntza.jakina/e23/e23ListadosDifusion/e23EspecialidadesModelos/e23EspecialidadesModelosGIS.jsp?idioma=e&centro=015255,http://desaunix01.hezkuntza.jakina/e23/e23ListadosDifusion/e23EspecialidadesModelos/e23EspecialidadesModelosGIS.jsp?idioma=c&centro=015255
015223,IBD DE BIZKAIA/BIZKAIKO UBI,Ikastetxea / Centro escolar,http://desaunix01.hezkuntza.jakina/e23/e23ListadosDifusion/e23EspecialidadesModelos/e23EspecialidadesModelosGIS.jsp?idioma=e&centro=015223,http://desaunix01.hezkuntza.jakina/e23/e23ListadosDifusion/e23EspecialidadesModelos/e23EspecialidadesModelosGIS.jsp?idioma=c&centro=015223
015321,IKUSKARITZA BIZKAIA / INSPECCIÓN BIZKAIA,Laguntzeko zentroa / Centro de apoyo,http://desaunix01.hezkuntza.jakina/e23/e23ListadosDifusion/e23EspecialidadesModelos/e23EspecialidadesModelosGIS.jsp?idioma=e&centro=015321,http://desaunix01.hezkuntza.jakina/e23/e23ListadosDifusion/e23EspecialidadesModelos/e23EspecialidadesModelosGIS.jsp?idioma=c&centro=015321
015477,CAAPD ARGI ARTE APDIB,Ikastetxea / Centro escolar,http://desaunix01.hezkuntza.jakina/e23/e23ListadosDifusion/e23EspecialidadesModelos/e23EspecialidadesModelosGIS.jsp?idioma=e&centro=015477,http://desaunix01.hezkuntza.jakina/e23/e23ListadosDifusion/e23EspecialidadesModelos/e23EspecialidadesModelosGIS.jsp?idioma=c&centro=015477
014160,CEIP ZURBARAN HLHI,Ikastetxea / Centro escolar,http://desaunix01.hezkuntza.jakina/e23/e23ListadosDifusion/e23EspecialidadesModelos/e23EspecialidadesModelosGIS.jsp?idioma=e&centro=014160,http://desaunix01.hezkuntza.jakina/e23/e23ListadosDifusion/e23EspecialidadesModelos/e23EspecialidadesModelosGIS.jsp?idioma=c&centro=014160
015724,IES IGNACIO ELLACURÍA-ZURBARAN BHI,Ikastetxea / Centro escolar,http://desaunix01.hezkuntza.jakina/e23/e23ListadosDifusion/e23EspecialidadesModelos/e23EspecialidadesModelosGIS.jsp?idioma=e&centro=015724,http://desaunix01.hezkuntza.jakina/e23/e23ListadosDifusion/e23EspecialidadesModelos/e23EspecialidadesModelosGIS.jsp?idioma=c&centro=015724
014655,CPEIPS JESÚS MARÍA HLBHIP,Ikastetxea / Centro escolar,http://desaunix01.hezkuntza.jakina/e23/e23ListadosDifusion/e23EspecialidadesModelos/e23EspecialidadesModelosGIS.jsp?idioma=e&centro=014655,http://desaunix01.hezkuntza.jakina/e23/e23ListadosDifusion/e23EspecialidadesModelos/e23EspecialidadesModelosGIS.jsp?idioma=c&centro=014655
015326,CPES BAGABILTZA BHIP,Ikastetxea / Centro escolar,http://desaunix01.hezkuntza.jakina/e23/e23ListadosDifusion/e23EspecialidadesModelos/e23EspecialidadesModelosGIS.jsp?idioma=e&centro=015326,http://desaunix01.hezkuntza.jakina/e23/e23ListadosDifusion/e23EspecialidadesModelos/e23EspecialidadesModelosGIS.jsp?idioma=c&centro=015326
014669,CPES MIKELDI BHIP,Ikastetxea / Centro escolar,http://desaunix01.hezkuntza.jakina/e23/e23ListadosDifusion/e23EspecialidadesModelos/e23EspecialidadesModelosGIS.jsp?idioma=e&centro=014669,http://desaunix01.hezkuntza.jakina/e23/e23ListadosDifusion/e23EspecialidadesModelos/e23EspecialidadesModelosGIS.jsp?idioma=c&centro=014669
015361,CEIP IRUARTETA HLHI,Ikastetxea / Centro escolar,http://desaunix01.hezkuntza.jakina/e23/e23ListadosDifusion/e23EspecialidadesModelos/e23EspecialidadesModelosGIS.jsp?idioma=e&centro=015361,http://desaunix01.hezkuntza.jakina/e23/e23ListadosDifusion/e23EspecialidadesModelos/e23EspecialidadesModelosGIS.jsp?idioma=c&centro=015361
014509,CEIP INTXIXU IKASTOLA HLHI,Ikastetxea / Centro escolar,http://desaunix01.hezkuntza.jakina/e23/e23ListadosDifusion/e23EspecialidadesModelos/e23EspecialidadesModelosGIS.jsp?idioma=e&centro=014509,http://desaunix01.hezkuntza.jakina/e23/e23ListadosDifusion/e23EspecialidadesModelos/e23EspecialidadesModelosGIS.jsp?idioma=c&centro=014509
015674,EIPR SAN ADRIAN HEPR,Ikastetxea / Centro escolar,http://desaunix01.hezkuntza.jakina/e23/e23ListadosDifusion/e23EspecialidadesModelos/e23EspecialidadesModelosGIS.jsp?idioma=e&centro=015674,http://desaunix01.hezkuntza.jakina/e23/e23ListadosDifusion/e23EspecialidadesModelos/e23EspecialidadesModelosGIS.jsp?idioma=c&centro=015674
014149,CEIP SRA. VDA. DE EPALZA HLHI,Ikastetxea / Centro escolar,http://desaunix01.hezkuntza.jakina/e23/e23ListadosDifusion/e23EspecialidadesModelos/e23EspecialidadesModelosGIS.jsp?idioma=e&centro=014149,http://desaunix01.hezkuntza.jakina/e23/e23ListadosDifusion/e23EspecialidadesModelos/e23EspecialidadesModelosGIS.jsp?idioma=c&centro=014149
015191,IES SAN IGNACIO BHI,Ikastetxea / Centro escolar,http://desaunix01.hezkuntza.jakina/e23/e23ListadosDifusion/e23EspecialidadesModelos/e23EspecialidadesModelosGIS.jsp?idioma=e&centro=015191,http://desaunix01.hezkuntza.jakina/e23/e23ListadosDifusion/e23EspecialidadesModelos/e23EspecialidadesModelosGIS.jsp?idioma=c&centro=015191
015479,EIC BILBOKO HAURRESKOLA-MATIKO PHE,Ikastetxea / Centro escolar,http://desaunix01.hezkuntza.jakina/e23/e23ListadosDifusion/e23EspecialidadesModelos/e23EspecialidadesModelosGIS.jsp?idioma=e&centro=015479,http://desaunix01.hezkuntza.jakina/e23/e23ListadosDifusion/e23EspecialidadesModelos/e23EspecialidadesModelosGIS.jsp?idioma=c&centro=015479
014187,IES MARTÍN DE BERTENDONA BHI,Ikastetxea / Centro escolar,http://desaunix01.hezkuntza.jakina/e23/e23ListadosDifusion/e23EspecialidadesModelos/e23EspecialidadesModelosGIS.jsp?idioma=e&centro=014187,http://desaunix01.hezkuntza.jakina/e23/e23ListadosDifusion/e23EspecialidadesModelos/e23EspecialidadesModelosGIS.jsp?idioma=c&centro=014187
015733,CEIP FCO DE GOYA-OTXARKOAGA-L DE VEGA HLHI,Ikastetxea / Centro escolar,http://desaunix01.hezkuntza.jakina/e23/e23ListadosDifusion/e23EspecialidadesModelos/e23EspecialidadesModelosGIS.jsp?idioma=e&centro=015733,http://desaunix01.hezkuntza.jakina/e23/e23ListadosDifusion/e23EspecialidadesModelos/e23EspecialidadesModelosGIS.jsp?idioma=c&centro=015733
015710,EIC BILBOKO HAURRESKOLA-FRANCISCO DE GOYA PHE,Ikastetxea / Centro escolar,http://desaunix01.hezkuntza.jakina/e23/e23ListadosDifusion/e23EspecialidadesModelos/e23EspecialidadesModelosGIS.jsp?idioma=e&centro=015710,http://desaunix01.hezkuntza.jakina/e23/e23ListadosDifusion/e23EspecialidadesModelos/e23EspecialidadesModelosGIS.jsp?idioma=c&centro=015710
015507,EIPR BBK IBARREKOLANDA HEPR,Ikastetxea / Centro escolar,http://desaunix01.hezkuntza.jakina/e23/e23ListadosDifusion/e23EspecialidadesModelos/e23EspecialidadesModelosGIS.jsp?idioma=e&centro=015507,http://desaunix01.hezkuntza.jakina/e23/e23ListadosDifusion/e23EspecialidadesModelos/e23EspecialidadesModelosGIS.jsp?idioma=c&centro=015507
014709,CPEIPS TRUEBA DE ARTXANDA HLBHIP,Ikastetxea / Centro escolar,http://desaunix01.hezkuntza.jakina/e23/e23ListadosDifusion/e23EspecialidadesModelos/e23EspecialidadesModelosGIS.jsp?idioma=e&centro=014709,http://desaunix01.hezkuntza.jakina/e23/e23ListadosDifusion/e23EspecialidadesModelos/e23EspecialidadesModelosGIS.jsp?idioma=c&centro=014709
015305,CPES HARROBIA BHIP,Ikastetxea / Centro escolar,http://desaunix01.hezkuntza.jakina/e23/e23ListadosDifusion/e23EspecialidadesModelos/e23EspecialidadesModelosGIS.jsp?idioma=e&centro=015305,http://desaunix01.hezkuntza.jakina/e23/e23ListadosDifusion/e23EspecialidadesModelos/e23EspecialidadesModelosGIS.jsp?idioma=c&centro=015305
015077,IES KARMELO IKASTOLA-SOLOKOETXE BHI,Ikastetxea / Centro escolar,http://desaunix01.hezkuntza.jakina/e23/e23ListadosDifusion/e23EspecialidadesModelos/e23EspecialidadesModelosGIS.jsp?idioma=e&centro=015077,http://desaunix01.hezkuntza.jakina/e23/e23ListadosDifusion/e23EspecialidadesModelos/e23EspecialidadesModelosGIS.jsp?idioma=c&centro=015077
015762,CAED HARROBIA KIIB,Ikastetxea / Centro escolar,http://desaunix01.hezkuntza.jakina/e23/e23ListadosDifusion/e23EspecialidadesModelos/e23EspecialidadesModelosGIS.jsp?idioma=e&centro=015762,http://desaunix01.hezkuntza.jakina/e23/e23ListadosDifusion/e23EspecialidadesModelos/e23EspecialidadesModelosGIS.jsp?idioma=c&centro=015762
014191,IES REKALDEBERRI BHI,Ikastetxea / Centro escolar,http://desaunix01.hezkuntza.jakina/e23/e23ListadosDifusion/e23EspecialidadesModelos/e23EspecialidadesModelosGIS.jsp?idioma=e&centro=014191,http://desaunix01.hezkuntza.jakina/e23/e23ListadosDifusion/e23EspecialidadesModelos/e23EspecialidadesModelosGIS.jsp?idioma=c&centro=014191
014189,IES MIGUEL DE UNAMUNO BHI,Ikastetxea / Centro escolar,http://desaunix01.hezkuntza.jakina/e23/e23ListadosDifusion/e23EspecialidadesModelos/e23EspecialidadesModelosGIS.jsp?idioma=e&centro=014189,http://desaunix01.hezkuntza.jakina/e23/e23ListadosDifusion/e23EspecialidadesModelos/e23EspecialidadesModelosGIS.jsp?idioma=c&centro=014189
014664,CPEIPS SALESIANOS DEUSTO-M. AUX.-SA HLBHIP,Ikastetxea / Centro escolar,http://desaunix01.hezkuntza.jakina/e23/e23ListadosDifusion/e23EspecialidadesModelos/e23EspecialidadesModelosGIS.jsp?idioma=e&centro=014664,http://desaunix01.hezkuntza.jakina/e23/e23ListadosDifusion/e23EspecialidadesModelos/e23EspecialidadesModelosGIS.jsp?idioma=c&centro=014664
014696,CPES SAN LUIS BHIP,Ikastetxea / Centro escolar,http://desaunix01.hezkuntza.jakina/e23/e23ListadosDifusion/e23EspecialidadesModelos/e23EspecialidadesModelosGIS.jsp?idioma=e&centro=014696,http://desaunix01.hezkuntza.jakina/e23/e23ListadosDifusion/e23EspecialidadesModelos/e23EspecialidadesModelosGIS.jsp?idioma=c&centro=014696
014131,CEIP MAESTRO GARCIA RIVERO HLHI,Ikastetxea / Centro escolar,http://desaunix01.hezkuntza.jakina/e23/e23ListadosDifusion/e23EspecialidadesModelos/e23EspecialidadesModelosGIS.jsp?idioma=e&centro=014131,http://desaunix01.hezkuntza.jakina/e23/e23ListadosDifusion/e23EspecialidadesModelos/e23EspecialidadesModelosGIS.jsp?idioma=c&centro=014131
015502,EIPR BBK URAZURRUTIA HEPR,Ikastetxea / Centro escolar,http://desaunix01.hezkuntza.jakina/e23/e23ListadosDifusion/e23EspecialidadesModelos/e23EspecialidadesModelosGIS.jsp?idioma=e&centro=015502,http://desaunix01.hezkuntza.jakina/e23/e23ListadosDifusion/e23EspecialidadesModelos/e23EspecialidadesModelosGIS.jsp?idioma=c&centro=015502
014619,CPEIPS ÁNGELES CUSTODIOS HLBHIP,Ikastetxea / Centro escolar,http://desaunix01.hezkuntza.jakina/e23/e23ListadosDifusion/e23EspecialidadesModelos/e23EspecialidadesModelosGIS.jsp?idioma=e&centro=014619,http://desaunix01.hezkuntza.jakina/e23/e23ListadosDifusion/e23EspecialidadesModelos/e23EspecialidadesModelosGIS.jsp?idioma=c&centro=014619
014103,CEBAD BILBAO UOHI,Ikastetxea / Centro escolar,http://desaunix01.hezkuntza.jakina/e23/e23ListadosDifusion/e23EspecialidadesModelos/e23EspecialidadesModelosGIS.jsp?idioma=e&centro=014103,http://desaunix01.hezkuntza.jakina/e23/e23ListadosDifusion/e23EspecialidadesModelos/e23EspecialidadesModelosGIS.jsp?idioma=c&centro=014103
014650,CPEIPS IBAIGANE HLBHIP,Ikastetxea / Centro escolar,http://desaunix01.hezkuntza.jakina/e23/e23ListadosDifusion/e23EspecialidadesModelos/e23EspecialidadesModelosGIS.jsp?idioma=e&centro=014650,http://desaunix01.hezkuntza.jakina/e23/e23ListadosDifusion/e23EspecialidadesModelos/e23EspecialidadesModelosGIS.jsp?idioma=c&centro=014650
014658,CPEIPS LA SALLE BILBAO HLBHIP,Ikastetxea / Centro escolar,http://desaunix01.hezkuntza.jakina/e23/e23ListadosDifusion/e23EspecialidadesModelos/e23EspecialidadesModelosGIS.jsp?idioma=e&centro=014658,http://desaunix01.hezkuntza.jakina/e23/e23ListadosDifusion/e23EspecialidadesModelos/e23EspecialidadesModelosGIS.jsp?idioma=c&centro=014658
014117,CEIP FÉLIX SERRANO HLHI,Ikastetxea / Centro escolar,http://desaunix01.hezkuntza.jakina/e23/e23ListadosDifusion/e23EspecialidadesModelos/e23EspecialidadesModelosGIS.jsp?idioma=e&centro=014117,http://desaunix01.hezkuntza.jakina/e23/e23ListadosDifusion/e23EspecialidadesModelos/e23EspecialidadesModelosGIS.jsp?idioma=c&centro=014117
014629,CPEIPS BERRIO-OTXOA HLBHIP,Ikastetxea / Centro escolar,http://desaunix01.hezkuntza.jakina/e23/e23ListadosDifusion/e23EspecialidadesModelos/e23EspecialidadesModelosGIS.jsp?idioma=e&centro=014629,http://desaunix01.hezkuntza.jakina/e23/e23ListadosDifusion/e23EspecialidadesModelos/e23EspecialidadesModelosGIS.jsp?idioma=c&centro=014629
014192,IES SAN ADRIAN BHI,Ikastetxea / Centro escolar,http://desaunix01.hezkuntza.jakina/e23/e23ListadosDifusion/e23EspecialidadesModelos/e23EspecialidadesModelosGIS.jsp?idioma=e&centro=014192,http://desaunix01.hezkuntza.jakina/e23/e23ListadosDifusion/e23EspecialidadesModelos/e23EspecialidadesModelosGIS.jsp?idioma=c&centro=014192
014918,CEPA ITURRIBIDE HHI,Ikastetxea / Centro escolar,http://desaunix01.hezkuntza.jakina/e23/e23ListadosDifusion/e23EspecialidadesModelos/e23EspecialidadesModelosGIS.jsp?idioma=e&centro=014918,http://desaunix01.hezkuntza.jakina/e23/e23ListadosDifusion/e23EspecialidadesModelos/e23EspecialidadesModelosGIS.jsp?idioma=c&centro=014918
014516,CPEIPS URRETXINDORRA IKASTOLA HLBHIP,Ikastetxea / Centro escolar,http://desaunix01.hezkuntza.jakina/e23/e23ListadosDifusion/e23EspecialidadesModelos/e23EspecialidadesModelosGIS.jsp?idioma=e&centro=014516,http://desaunix01.hezkuntza.jakina/e23/e23ListadosDifusion/e23EspecialidadesModelos/e23EspecialidadesModelosGIS.jsp?idioma=c&centro=014516
014618,CPEIPS AMOR MISERICORDIOSO HLBHIP,Ikastetxea / Centro escolar,http://desaunix01.hezkuntza.jakina/e23/e23ListadosDifusion/e23EspecialidadesModelos/e23EspecialidadesModelosGIS.jsp?idioma=e&centro=014618,http://desaunix01.hezkuntza.jakina/e23/e23ListadosDifusion/e23EspecialidadesModelos/e23EspecialidadesModelosGIS.jsp?idioma=c&centro=014618
014162,CRI COCHERITO DE BILBAO IBT,Laguntzeko zentroa / Centro de apoyo,http://desaunix01.hezkuntza.jakina/e23/e23ListadosDifusion/e23EspecialidadesModelos/e23EspecialidadesModelosGIS.jsp?idioma=e&centro=014162,http://desaunix01.hezkuntza.jakina/e23/e23ListadosDifusion/e23EspecialidadesModelos/e23EspecialidadesModelosGIS.jsp?idioma=c&centro=014162
015720,EIPR TXIPLI TXAPLA HEPR,Ikastetxea / Centro escolar,http://desaunix01.hezkuntza.jakina/e23/e23ListadosDifusion/e23EspecialidadesModelos/e23EspecialidadesModelosGIS.jsp?idioma=e&centro=015720,http://desaunix01.hezkuntza.jakina/e23/e23ListadosDifusion/e23EspecialidadesModelos/e23EspecialidadesModelosGIS.jsp?idioma=c&centro=015720
015339,CAED BIZKAIA KIIB,Ikastetxea / Centro escolar,http://desaunix01.hezkuntza.jakina/e23/e23ListadosDifusion/e23EspecialidadesModelos/e23EspecialidadesModelosGIS.jsp?idioma=e&centro=015339,http://desaunix01.hezkuntza.jakina/e23/e23ListadosDifusion/e23EspecialidadesModelos/e23EspecialidadesModelosGIS.jsp?idioma=c&centro=015339
015224,CACPI GREMIO ART. CONFIT. PASTELERÍA HLPIB,,http://desaunix01.hezkuntza.jakina/e23/e23ListadosDifusion/e23EspecialidadesModelos/e23EspecialidadesModelosGIS.jsp?idioma=e&centro=015224,http://desaunix01.hezkuntza.jakina/e23/e23ListadosDifusion/e23EspecialidadesModelos/e23EspecialidadesModelosGIS.jsp?idioma=c&centro=015224
015226,CACPI ASOCIACIÓN MARGOTU HLPIB,,http://desaunix01.hezkuntza.jakina/e23/e23ListadosDifusion/e23EspecialidadesModelos/e23EspecialidadesModelosGIS.jsp?idioma=e&centro=015226,http://desaunix01.hezkuntza.jakina/e23/e23ListadosDifusion/e23EspecialidadesModelos/e23EspecialidadesModelosGIS.jsp?idioma=c&centro=015226
014704,CPES STA. MARÍA DE ARTAGAN BHIP,Ikastetxea / Centro escolar,http://desaunix01.hezkuntza.jakina/e23/e23ListadosDifusion/e23EspecialidadesModelos/e23EspecialidadesModelosGIS.jsp?idioma=e&centro=014704,http://desaunix01.hezkuntza.jakina/e23/e23ListadosDifusion/e23EspecialidadesModelos/e23EspecialidadesModelosGIS.jsp?idioma=c&centro=014704
015074,IES IBAIZABAL BHI,Ikastetxea / Centro escolar,http://desaunix01.hezkuntza.jakina/e23/e23ListadosDifusion/e23EspecialidadesModelos/e23EspecialidadesModelosGIS.jsp?idioma=e&centro=015074,http://desaunix01.hezkuntza.jakina/e23/e23ListadosDifusion/e23EspecialidadesModelos/e23EspecialidadesModelosGIS.jsp?idioma=c&centro=015074
014157,CEIP ZAMAKOLA-JUAN DELMAS HLHI,Ikastetxea / Centro escolar,http://desaunix01.hezkuntza.jakina/e23/e23ListadosDifusion/e23EspecialidadesModelos/e23EspecialidadesModelosGIS.jsp?idioma=e&centro=014157,http://desaunix01.hezkuntza.jakina/e23/e23ListadosDifusion/e23EspecialidadesModelos/e23EspecialidadesModelosGIS.jsp?idioma=c&centro=014157
015460,EIC BILBOKO HAURRESKOLA-ZAMAKOLA PHE,Ikastetxea / Centro escolar,http://desaunix01.hezkuntza.jakina/e23/e23ListadosDifusion/e23EspecialidadesModelos/e23EspecialidadesModelosGIS.jsp?idioma=e&centro=015460,http://desaunix01.hezkuntza.jakina/e23/e23ListadosDifusion/e23EspecialidadesModelos/e23EspecialidadesModelosGIS.jsp?idioma=c&centro=015460
015727,EIC BILBOKO HAURRESKOLA-BASURTO PHE,Ikastetxea / Centro escolar,http://desaunix01.hezkuntza.jakina/e23/e23ListadosDifusion/e23EspecialidadesModelos/e23EspecialidadesModelosGIS.jsp?idioma=e&centro=015727,http://desaunix01.hezkuntza.jakina/e23/e23ListadosDifusion/e23EspecialidadesModelos/e23EspecialidadesModelosGIS.jsp?idioma=c&centro=015727
014115,CEIP ELEJABARRI HLHI,Ikastetxea / Centro escolar,http://desaunix01.hezkuntza.jakina/e23/e23ListadosDifusion/e23EspecialidadesModelos/e23EspecialidadesModelosGIS.jsp?idioma=e&centro=014115,http://desaunix01.hezkuntza.jakina/e23/e23ListadosDifusion/e23EspecialidadesModelos/e23EspecialidadesModelosGIS.jsp?idioma=c&centro=014115
015256,B01 BERRITZEGUNEA,Laguntzeko zentroa / Centro de apoyo,http://desaunix01.hezkuntza.jakina/e23/e23ListadosDifusion/e23EspecialidadesModelos/e23EspecialidadesModelosGIS.jsp?idioma=e&centro=015256,http://desaunix01.hezkuntza.jakina/e23/e23ListadosDifusion/e23EspecialidadesModelos/e23EspecialidadesModelosGIS.jsp?idioma=c&centro=015256
015633,BERRITZEGUNE NAGUSIA / BERRITZEGUNE NAGUSIA/BERRITZEGUNE CENTRAL,Laguntzeko zentroa / Centro de apoyo,http://desaunix01.hezkuntza.jakina/e23/e23ListadosDifusion/e23EspecialidadesModelos/e23EspecialidadesModelosGIS.jsp?idioma=e&centro=015633,http://desaunix01.hezkuntza.jakina/e23/e23ListadosDifusion/e23EspecialidadesModelos/e23EspecialidadesModelosGIS.jsp?idioma=c&centro=015633
014718,CPES ZABALBURU BHIP,Ikastetxea / Centro escolar,http://desaunix01.hezkuntza.jakina/e23/e23ListadosDifusion/e23EspecialidadesModelos/e23EspecialidadesModelosGIS.jsp?idioma=e&centro=014718,http://desaunix01.hezkuntza.jakina/e23/e23ListadosDifusion/e23EspecialidadesModelos/e23EspecialidadesModelosGIS.jsp?idioma=c&centro=014718
015671,EIC BILBOKO HAURRESKOLA-ELEJABARRI PHE,Ikastetxea / Centro escolar,http://desaunix01.hezkuntza.jakina/e23/e23ListadosDifusion/e23EspecialidadesModelos/e23EspecialidadesModelosGIS.jsp?idioma=e&centro=015671,http://desaunix01.hezkuntza.jakina/e23/e23ListadosDifusion/e23EspecialidadesModelos/e23EspecialidadesModelosGIS.jsp?idioma=c&centro=015671
014648,CPES HERMANOS LARRINAGA S.L. BHIP,Ikastetxea / Centro escolar,http://desaunix01.hezkuntza.jakina/e23/e23ListadosDifusion/e23EspecialidadesModelos/e23EspecialidadesModelosGIS.jsp?idioma=e&centro=014648,http://desaunix01.hezkuntza.jakina/e23/e23ListadosDifusion/e23EspecialidadesModelos/e23EspecialidadesModelosGIS.jsp?idioma=c&centro=014648
014651,CPEIPS IKASBIDE HLBHIP,Ikastetxea / Centro escolar,http://desaunix01.hezkuntza.jakina/e23/e23ListadosDifusion/e23EspecialidadesModelos/e23EspecialidadesModelosGIS.jsp?idioma=e&centro=014651,http://desaunix01.hezkuntza.jakina/e23/e23ListadosDifusion/e23EspecialidadesModelos/e23EspecialidadesModelosGIS.jsp?idioma=c&centro=014651
014631,CPES CEINMARK BHIP,Ikastetxea / Centro escolar,http://desaunix01.hezkuntza.jakina/e23/e23ListadosDifusion/e23EspecialidadesModelos/e23EspecialidadesModelosGIS.jsp?idioma=e&centro=014631,http://desaunix01.hezkuntza.jakina/e23/e23ListadosDifusion/e23EspecialidadesModelos/e23EspecialidadesModelosGIS.jsp?idioma=c&centro=014631
014641,CPEIPS ESCLAVAS SC - FÁTIMA HLBHIP,Ikastetxea / Centro escolar,http://desaunix01.hezkuntza.jakina/e23/e23ListadosDifusion/e23EspecialidadesModelos/e23EspecialidadesModelosGIS.jsp?idioma=e&centro=014641,http://desaunix01.hezkuntza.jakina/e23/e23ListadosDifusion/e23EspecialidadesModelos/e23EspecialidadesModelosGIS.jsp?idioma=c&centro=014641
014685,CPEIPS PUREZA DE MARÍA HLBHIP,Ikastetxea / Centro escolar,http://desaunix01.hezkuntza.jakina/e23/e23ListadosDifusion/e23EspecialidadesModelos/e23EspecialidadesModelosGIS.jsp?idioma=e&centro=014685,http://desaunix01.hezkuntza.jakina/e23/e23ListadosDifusion/e23EspecialidadesModelos/e23EspecialidadesModelosGIS.jsp?idioma=c&centro=014685
014683,CPEIPS PRESENTACIÓN DE MARÍA HLBHIP,Ikastetxea / Centro escolar,http://desaunix01.hezkuntza.jakina/e23/e23ListadosDifusion/e23EspecialidadesModelos/e23EspecialidadesModelosGIS.jsp?idioma=e&centro=014683,http://desaunix01.hezkuntza.jakina/e23/e23ListadosDifusion/e23EspecialidadesModelos/e23EspecialidadesModelosGIS.jsp?idioma=c&centro=014683
015687,EIC BILBOKO HAURRESKOLA-SAN FRANCISCO PHE,Ikastetxea / Centro escolar,http://desaunix01.hezkuntza.jakina/e23/e23ListadosDifusion/e23EspecialidadesModelos/e23EspecialidadesModelosGIS.jsp?idioma=e&centro=015687,http://desaunix01.hezkuntza.jakina/e23/e23ListadosDifusion/e23EspecialidadesModelos/e23EspecialidadesModelosGIS.jsp?idioma=c&centro=015687
015208,CPEI UMEDI HIP,Ikastetxea / Centro escolar,http://desaunix01.hezkuntza.jakina/e23/e23ListadosDifusion/e23EspecialidadesModelos/e23EspecialidadesModelosGIS.jsp?idioma=e&centro=015208,http://desaunix01.hezkuntza.jakina/e23/e23ListadosDifusion/e23EspecialidadesModelos/e23EspecialidadesModelosGIS.jsp?idioma=c&centro=015208
014109,CEIP BIRJINETXE HLHI,Ikastetxea / Centro escolar,http://desaunix01.hezkuntza.jakina/e23/e23ListadosDifusion/e23EspecialidadesModelos/e23EspecialidadesModelosGIS.jsp?idioma=e&centro=014109,http://desaunix01.hezkuntza.jakina/e23/e23ListadosDifusion/e23EspecialidadesModelos/e23EspecialidadesModelosGIS.jsp?idioma=c&centro=014109
014647,CPEIPS HIJAS DE LA CARIDAD-N. SRA DE BEGOÑA HLBHIP,Ikastetxea / Centro escolar,http://desaunix01.hezkuntza.jakina/e23/e23ListadosDifusion/e23EspecialidadesModelos/e23EspecialidadesModelosGIS.jsp?idioma=e&centro=014647,http://desaunix01.hezkuntza.jakina/e23/e23ListadosDifusion/e23EspecialidadesModelos/e23EspecialidadesModelosGIS.jsp?idioma=c&centro=014647
014637,CPEIPS EL AVE MARÍA HLBHIP,Ikastetxea / Centro escolar,http://desaunix01.hezkuntza.jakina/e23/e23ListadosDifusion/e23EspecialidadesModelos/e23EspecialidadesModelosGIS.jsp?idioma=e&centro=014637,http://desaunix01.hezkuntza.jakina/e23/e23ListadosDifusion/e23EspecialidadesModelos/e23EspecialidadesModelosGIS.jsp?idioma=c&centro=014637
015523,EIC ALONSOTEGIKO HAURRESKOLA PHE,Ikastetxea / Centro escolar,http://desaunix01.hezkuntza.jakina/e23/e23ListadosDifusion/e23EspecialidadesModelos/e23EspecialidadesModelosGIS.jsp?idioma=e&centro=015523,http://desaunix01.hezkuntza.jakina/e23/e23ListadosDifusion/e23EspecialidadesModelos/e23EspecialidadesModelosGIS.jsp?idioma=c&centro=015523
014495,CPEIPS ABUSU IKASTOLA HLBHIP,Ikastetxea / Centro escolar,http://desaunix01.hezkuntza.jakina/e23/e23ListadosDifusion/e23EspecialidadesModelos/e23EspecialidadesModelosGIS.jsp?idioma=e&centro=014495,http://desaunix01.hezkuntza.jakina/e23/e23ListadosDifusion/e23EspecialidadesModelos/e23EspecialidadesModelosGIS.jsp?idioma=c&centro=014495
014105,CEIP ARTATSE HLHI,Ikastetxea / Centro escolar,http://desaunix01.hezkuntza.jakina/e23/e23ListadosDifusion/e23EspecialidadesModelos/e23EspecialidadesModelosGIS.jsp?idioma=e&centro=014105,http://desaunix01.hezkuntza.jakina/e23/e23ListadosDifusion/e23EspecialidadesModelos/e23EspecialidadesModelosGIS.jsp?idioma=c&centro=014105
014643,CPES FERNANDO BHIP,Ikastetxea / Centro escolar,http://desaunix01.hezkuntza.jakina/e23/e23ListadosDifusion/e23EspecialidadesModelos/e23EspecialidadesModelosGIS.jsp?idioma=e&centro=014643,http://desaunix01.hezkuntza.jakina/e23/e23ListadosDifusion/e23EspecialidadesModelos/e23EspecialidadesModelosGIS.jsp?idioma=c&centro=014643
014108,CEIP BASURTO HLHI,Ikastetxea / Centro escolar,http://desaunix01.hezkuntza.jakina/e23/e23ListadosDifusion/e23EspecialidadesModelos/e23EspecialidadesModelosGIS.jsp?idioma=e&centro=014108,http://desaunix01.hezkuntza.jakina/e23/e23ListadosDifusion/e23EspecialidadesModelos/e23EspecialidadesModelosGIS.jsp?idioma=c&centro=014108
014508,CPI DEUSTUKO IKASTOLA IPI,Ikastetxea / Centro escolar,http://desaunix01.hezkuntza.jakina/e23/e23ListadosDifusion/e23EspecialidadesModelos/e23EspecialidadesModelosGIS.jsp?idioma=e&centro=014508,http://desaunix01.hezkuntza.jakina/e23/e23ListadosDifusion/e23EspecialidadesModelos/e23EspecialidadesModelosGIS.jsp?idioma=c&centro=014508
014188,IES GABRIEL ARESTI BHI,Ikastetxea / Centro escolar,http://desaunix01.hezkuntza.jakina/e23/e23ListadosDifusion/e23EspecialidadesModelos/e23EspecialidadesModelosGIS.jsp?idioma=e&centro=014188,http://desaunix01.hezkuntza.jakina/e23/e23ListadosDifusion/e23EspecialidadesModelos/e23EspecialidadesModelosGIS.jsp?idioma=c&centro=014188
014893,CACPI ADSIS HLPIB,,http://desaunix01.hezkuntza.jakina/e23/e23ListadosDifusion/e23EspecialidadesModelos/e23EspecialidadesModelosGIS.jsp?idioma=e&centro=014893,http://desaunix01.hezkuntza.jakina/e23/e23ListadosDifusion/e23EspecialidadesModelos/e23EspecialidadesModelosGIS.jsp?idioma=c&centro=014893
